Date,BMV:AC,BMV:ACCELSAB,BMV:ACTINVRB,BMV:AEROMEX,BMV:AGUA,BMV:ALFAA,BMV:ALPEKA,BMV:ALSEA,BMV:AMXA,BMV:AMXL
1-Jul-14,89.89,0.0,14.52,22.05,0.0,36.2,0.0,47.5,13.5,13.5
2-Jul-14,89.5,0.0,14.5,22.0,0.0,36.77,24.82,47.69,13.41,13.53
3-Jul-14,89.63,0.0,14.45,22.0,0.0,37.0,25.11,47.45,13.32,13.58
4-Jul-14,89.69,0.0,14.4,22.08,0.0,37.01,25.1,47.34,13.4,13.37
7-Jul-14,89.39,0.0,14.4,22.3,0.0,37.05,25.0,47.59,13.4,13.52
8-Jul-14,89.9,0.0,14.4,22.24,0.0,37.2,25.27,48.0,13.29,13.46
9-Jul-14,89.49,0.0,14.44,22.01,0.0,36.36,25.1,48.0,14.35,14.78
10-Jul-14,89.05,0.0,14.44,22.13,0.0,36.8,24.32,47.7,14.51,14.64
11-Jul-14,88.02,0.0,14.32,22.28,0.0,36.45,24.68,47.3,15.0,14.92
14-Jul-14,90.39,0.0,14.44,22.06,0.0,37.0,24.85,46.89,15.1,15.02
15-Jul-14,88.18,0.0,14.45,22.0,0.0,37.16,24.95,46.82,15.3,15.36
16-Jul-14,88.4,0.0,14.44,22.0,0.0,36.49,24.37,46.51,15.35,15.5
17-Jul-14,90.37,0.0,14.6,22.01,0.0,36.15,24.05,45.32,15.36,15.54
18-Jul-14,92.8,0.0,14.9,22.05,0.0,36.8,23.2,46.8,15.48,15.47
21-Jul-14,92.89,0.0,14.8,22.01,0.0,37.45,23.1,46.67,15.4,15.07
22-Jul-14,93.0,0.0,14.9,22.09,0.0,37.8,23.15,46.0,15.3,15.41
23-Jul-14,93.67,0.0,15.3,22.0,0.0,37.44,23.31,46.02,15.35,15.4
24-Jul-14,93.14,0.0,15.1,22.28,0.0,37.79,23.32,46.0,15.3,15.49
25-Jul-14,93.27,0.0,15.1,22.0,0.0,37.69,23.32,46.43,15.5,15.53
28-Jul-14,94.36,0.0,15.25,22.05,0.0,37.9,23.65,46.0,15.56,15.66
29-Jul-14,94.3,0.0,15.25,22.13,0.0,37.52,24.04,46.01,15.62,15.66
30-Jul-14,93.95,0.0,15.2,22.1,0.0,36.9,24.23,45.8,15.62,15.69
31-Jul-14,93.46,0.0,15.19,22.0,0.0,36.1,24.16,45.16,15.5,15.61
1-Aug-14,93.99,9.4,14.47,22.15,0.0,36.63,24.01,44.6,15.04,15.46
4-Aug-14,93.87,9.4,15.2,22.89,0.0,36.95,23.96,45.19,15.4,15.67
5-Aug-14,94.99,9.68,15.2,22.2,0.0,36.7,25.3,43.39,15.36,15.4
6-Aug-14,94.06,9.35,14.91,22.11,0.0,36.52,25.15,44.03,15.69,15.37
7-Aug-14,93.61,9.35,15.0,22.0,0.0,36.3,25.16,43.59,15.1,15.02
8-Aug-14,93.5,9.4,15.2,22.0,0.0,36.35,24.75,44.0,15.1,15.21
11-Aug-14,93.4,9.0,15.22,22.15,0.0,36.6,24.58,43.89,15.15,15.52
12-Aug-14,93.91,9.0,15.3,22.22,0.0,37.0,24.59,43.75,15.4,15.51
13-Aug-14,94.65,9.0,15.31,22.5,0.0,37.55,24.61,43.64,15.5,15.52
14-Aug-14,94.82,9.0,15.6,22.13,0.0,39.4,24.66,43.35,15.4,15.45
15-Aug-14,95.0,9.0,15.7,22.0,0.0,39.3,24.75,43.62,15.4,15.46
18-Aug-14,95.38,9.0,15.7,22.0,0.0,38.91,24.81,44.25,15.4,15.54
19-Aug-14,96.7,9.0,15.84,22.04,0.0,39.71,24.84,44.03,15.4,15.48
20-Aug-14,96.75,9.0,15.8,22.23,0.0,40.34,25.3,44.39,15.4,15.64
21-Aug-14,98.25,9.0,16.1,22.25,0.0,42.0,25.44,45.3,15.8,15.8
22-Aug-14,96.87,9.0,16.0,22.15,0.0,43.14,26.35,45.43,15.55,15.71
25-Aug-14,98.4,9.0,16.05,22.12,0.0,42.63,26.4,45.25,15.72,15.67
26-Aug-14,97.47,9.0,16.1,21.95,0.0,41.5,27.19,45.32,15.8,15.71
27-Aug-14,97.28,9.0,16.23,21.75,0.0,42.29,26.73,45.08,15.8,15.86
28-Aug-14,96.51,9.0,16.3,21.31,0.0,42.15,26.55,45.48,15.7,15.92
29-Aug-14,96.0,9.0,16.4,21.02,0.0,42.22,26.76,45.2,15.9,16.07
1-Sep-14,94.16,9.0,16.4,21.05,0.0,41.24,26.38,45.15,15.2,16.1
2-Sep-14,95.0,9.0,16.5,20.85,0.0,41.49,26.1,45.95,16.1,16.42
3-Sep-14,95.85,9.0,16.4,20.91,0.0,41.3,26.16,46.0,16.15,16.52
4-Sep-14,96.11,9.68,16.21,20.69,0.0,42.25,26.28,45.58,17.02,17.06
5-Sep-14,96.01,9.0,16.2,20.27,0.0,42.54,26.37,45.25,17.26,17.18
8-Sep-14,97.3,8.9,16.1,20.45,0.0,43.71,26.29,45.11,17.36,17.39
9-Sep-14,96.9,9.4,16.19,20.16,0.0,43.84,26.16,44.3,17.1,17.22
10-Sep-14,96.61,9.0,16.2,19.82,0.0,45.0,25.61,44.61,17.08,17.01
11-Sep-14,96.85,8.95,16.2,20.25,0.0,44.77,25.53,44.73,16.5,16.89
12-Sep-14,96.43,9.4,16.2,20.27,0.0,45.9,25.39,44.12,16.77,17.06
15-Sep-14,95.65,8.95,16.4,20.96,0.0,46.11,25.28,44.36,17.1,17.36
17-Sep-14,94.99,8.95,16.4,20.95,0.0,46.9,25.0,44.33,17.61,17.48
18-Sep-14,94.41,8.95,16.22,20.55,0.0,46.49,25.18,44.09,17.45,17.53
19-Sep-14,92.24,8.95,16.2,20.78,0.0,46.55,25.08,43.94,17.45,17.12
22-Sep-14,91.92,8.95,16.15,20.5,0.0,45.83,25.07,43.71,17.0,17.19
23-Sep-14,91.81,8.95,16.05,20.6,0.0,44.9,25.09,43.8,16.7,16.82
24-Sep-14,93.7,8.95,16.24,20.43,0.0,44.94,24.93,43.68,16.5,16.83
25-Sep-14,93.01,8.95,16.2,20.5,0.0,43.97,25.0,43.31,16.5,16.85
26-Sep-14,91.5,8.95,16.19,20.49,0.0,44.69,25.0,43.2,17.0,16.96
29-Sep-14,91.99,8.95,16.01,20.19,0.0,45.64,24.81,43.0,16.7,16.73
30-Sep-14,92.2,8.95,16.02,19.9,0.0,46.2,24.5,42.41,16.7,16.93
1-Oct-14,91.8,8.95,16.15,20.24,0.0,44.91,24.74,42.51,16.7,16.52
2-Oct-14,93.89,8.95,16.0,19.92,0.0,44.64,24.8,43.1,16.41,16.65
3-Oct-14,95.32,8.95,16.0,20.21,0.0,44.35,24.26,42.63,16.74,16.74
6-Oct-14,95.0,9.4,16.2,19.86,0.0,44.94,24.2,42.08,16.8,16.8
7-Oct-14,92.84,8.95,16.06,19.95,0.0,44.83,24.2,41.95,16.7,16.77
8-Oct-14,92.28,8.95,16.1,20.5,0.0,44.17,23.9,40.98,16.7,16.6
9-Oct-14,91.74,8.95,16.0,20.17,0.0,42.9,23.84,40.37,16.42,16.57
10-Oct-14,89.63,8.95,16.0,20.4,0.0,42.6,23.58,38.76,16.41,16.25
13-Oct-14,89.9,9.4,16.15,20.42,0.0,42.15,23.67,38.3,16.25,16.25
14-Oct-14,90.0,9.4,16.0,20.5,0.0,42.41,23.5,39.07,15.45,16.38
15-Oct-14,89.8,8.95,15.94,20.01,0.0,40.6,23.4,38.43,16.2,16.2
16-Oct-14,90.43,8.95,15.94,19.75,0.0,40.55,23.48,38.21,16.2,16.12
17-Oct-14,92.28,8.95,16.2,20.38,0.0,41.1,23.8,39.11,16.0,16.31
20-Oct-14,92.4,9.4,16.31,20.68,0.0,39.0,24.17,39.07,15.51,16.23
21-Oct-14,92.0,8.95,16.18,20.36,0.0,39.06,24.94,40.34,16.35,16.33
22-Oct-14,91.8,9.0,16.2,21.0,0.0,39.98,24.2,40.35,16.38,16.13
23-Oct-14,90.0,9.0,16.18,21.11,0.0,41.25,23.66,40.32,16.25,16.12
24-Oct-14,90.5,9.0,16.15,21.34,0.0,41.09,23.57,40.17,15.9,15.98
27-Oct-14,90.43,9.0,16.01,21.07,0.0,40.84,23.41,40.15,16.08,16.1
28-Oct-14,89.68,9.0,16.06,20.89,0.0,40.58,23.23,41.35,16.15,16.03
29-Oct-14,88.78,8.95,16.04,21.21,0.0,41.46,23.33,41.37,16.0,16.11
30-Oct-14,88.83,8.95,16.38,21.17,0.0,41.97,23.72,41.71,16.15,16.15
31-Oct-14,86.7,8.95,16.36,21.07,0.0,42.99,24.14,42.21,16.25,16.47
3-Nov-14,87.67,8.95,16.2,21.2,0.0,42.63,23.7,42.2,16.0,16.59
4-Nov-14,87.79,9.25,16.1,21.45,0.0,41.07,23.71,42.36,16.0,16.44
5-Nov-14,87.79,9.37,16.27,21.09,0.0,41.79,23.22,42.7,16.06,16.45
6-Nov-14,86.6,8.9,16.27,21.0,0.0,41.01,22.99,43.37,16.5,16.36
7-Nov-14,87.45,8.9,16.15,21.0,0.0,40.52,22.92,42.99,16.3,16.32
10-Nov-14,87.61,8.9,16.34,21.01,0.0,39.95,22.95,43.13,16.1,16.15
11-Nov-14,87.37,8.9,16.33,20.87,0.0,39.79,22.7,42.46,15.8,15.9
12-Nov-14,86.95,8.9,16.33,20.66,0.0,38.96,22.8,41.5,15.4,15.5
13-Nov-14,86.67,8.9,16.2,21.15,0.0,39.45,22.5,42.08,15.6,15.8
14-Nov-14,87.48,8.9,16.2,20.61,0.0,39.37,22.49,41.44,15.14,15.7
18-Nov-14,87.48,8.9,16.2,20.69,0.0,38.27,22.4,40.65,15.12,16.01
19-Nov-14,87.58,9.4,16.2,20.76,0.0,38.95,23.0,41.35,16.0,16.12
20-Nov-14,87.55,9.65,16.21,21.48,0.0,39.3,23.0,41.95,15.38,16.05
21-Nov-14,87.55,9.0,16.4,21.3,0.0,39.56,22.8,42.43,16.21,16.45
24-Nov-14,88.47,9.0,16.33,21.09,0.0,39.21,22.6,42.89,15.71,16.57
25-Nov-14,91.0,9.0,16.39,21.07,0.0,38.42,22.46,42.46,15.92,16.53
26-Nov-14,90.7,9.0,16.38,21.05,0.0,38.84,22.07,42.6,15.92,16.49
27-Nov-14,90.3,9.0,16.3,21.0,0.0,38.52,22.39,42.23,15.85,16.6
28-Nov-14,89.17,9.37,16.4,21.28,0.0,36.93,22.0,43.0,16.11,16.4
1-Dec-14,89.25,9.37,16.2,20.53,0.0,35.68,21.55,42.54,16.05,16.27
2-Dec-14,90.39,9.65,16.15,20.5,0.0,35.1,20.6,42.01,16.05,16.07
3-Dec-14,90.43,9.65,16.1,20.44,0.0,35.61,20.31,41.17,16.05,16.09
4-Dec-14,88.57,9.0,16.13,20.66,0.0,35.67,20.86,40.7,15.53,15.95
5-Dec-14,87.39,9.0,16.05,21.11,0.0,35.85,20.7,41.76,16.05,16.14
8-Dec-14,86.0,9.0,16.0,20.15,0.0,35.45,20.28,41.24,16.21,16.09
9-Dec-14,84.47,9.37,16.0,19.53,0.0,35.25,19.91,40.94,15.52,15.79
10-Dec-14,83.73,9.0,15.98,19.61,29.3,33.49,19.88,39.8,15.5,15.54
11-Dec-14,86.68,9.0,16.0,19.5,29.75,32.04,19.66,41.0,15.5,15.91
15-Dec-14,85.43,9.0,16.0,19.01,29.01,30.35,19.09,38.86,16.1,15.08
16-Dec-14,85.71,9.0,16.0,20.0,29.5,31.0,18.21,38.28,15.02,15.01
17-Dec-14,85.43,9.0,15.91,19.72,29.5,32.69,18.49,38.4,15.47,15.48
18-Dec-14,91.38,9.0,15.99,19.42,29.52,33.35,19.13,40.99,15.81,15.95
19-Dec-14,92.58,9.0,16.12,19.8,29.6,33.81,19.45,40.5,15.78,15.82
22-Dec-14,92.79,9.0,16.36,19.46,29.75,34.62,19.79,40.93,15.78,16.11
23-Dec-14,93.06,9.37,16.18,19.48,30.13,34.5,19.19,40.89,15.78,16.31
24-Dec-14,93.17,9.0,16.1,19.64,30.0,34.1,18.88,40.81,16.1,16.25
26-Dec-14,93.36,9.0,15.9,19.6,30.0,34.55,18.88,40.9,15.78,16.38
29-Dec-14,94.02,9.0,16.09,19.78,30.01,33.08,18.6,41.0,15.26,16.49
30-Dec-14,93.23,9.3,16.08,20.34,30.08,33.65,18.7,40.69,16.44,16.35
31-Dec-14,93.25,9.02,16.55,20.4,30.14,32.97,19.0,40.59,16.35,16.44
2-Jan-15,91.93,9.3,16.36,19.5,30.0,32.14,18.94,40.0,16.2,16.17
5-Jan-15,90.22,9.3,16.0,20.09,29.9,30.25,18.5,39.0,15.91,16.02
6-Jan-15,90.2,9.3,15.98,19.44,29.1,30.88,17.46,39.64,15.6,15.95
7-Jan-15,90.6,9.0,16.04,19.59,29.6,31.33,17.25,41.3,15.6,16.12
8-Jan-15,91.48,9.3,16.04,20.51,29.7,32.48,17.33,41.74,15.64,16.45
9-Jan-15,91.53,9.0,16.04,20.4,29.8,31.99,17.51,41.14,15.62,16.63
12-Jan-15,91.9,9.3,16.01,20.86,29.17,31.22,17.66,40.71,16.09,16.51
13-Jan-15,92.4,9.58,16.04,21.4,29.48,30.13,17.4,40.7,16.2,16.4
14-Jan-15,92.39,9.0,16.1,21.19,29.11,30.47,16.73,39.55,16.2,16.44
15-Jan-15,88.99,9.0,16.1,20.8,29.11,30.58,16.19,39.3,15.9,16.65
16-Jan-15,89.61,9.0,16.3,20.76,29.11,29.95,15.65,39.11,15.29,16.63
19-Jan-15,89.4,9.0,16.01,21.32,30.49,29.4,15.94,38.9,15.9,16.61
20-Jan-15,89.29,9.3,16.01,21.22,30.28,29.6,15.84,39.35,15.3,16.88
21-Jan-15,89.24,9.0,16.2,21.77,30.0,30.06,15.6,39.5,15.33,17.12
22-Jan-15,90.15,9.02,16.15,21.7,30.0,30.21,16.4,40.42,15.34,17.3
23-Jan-15,89.4,9.2,16.34,21.32,30.25,29.83,16.87,41.0,15.28,17.29
26-Jan-15,90.7,9.2,16.29,21.78,30.11,30.41,16.98,41.37,16.6,16.86
27-Jan-15,91.42,9.0,16.1,22.0,30.15,30.16,17.0,41.44,16.21,16.61
28-Jan-15,90.49,9.25,16.1,21.65,30.5,29.35,17.02,41.2,16.49,16.38
29-Jan-15,89.22,9.25,16.15,22.0,30.71,28.52,16.99,41.5,15.28,16.28
30-Jan-15,88.9,9.25,16.06,22.38,31.12,27.36,17.01,40.09,16.0,16.06
3-Feb-15,88.96,9.0,16.0,22.49,31.5,29.53,16.7,40.21,16.01,15.99
4-Feb-15,89.09,9.0,16.03,22.4,31.85,28.67,16.86,40.05,16.01,16.03
5-Feb-15,90.69,9.24,16.07,22.73,31.5,28.85,15.95,40.36,15.23,16.09
6-Feb-15,92.02,9.25,16.16,22.62,31.5,29.1,16.11,41.8,15.31,16.15
9-Feb-15,92.4,9.0,16.0,22.74,31.9,29.66,16.49,41.08,16.01,16.17
10-Feb-15,91.72,9.0,16.0,22.83,32.1,28.99,16.15,41.6,15.23,16.1
11-Feb-15,90.45,9.0,16.05,22.4,31.74,28.0,15.94,41.25,16.01,15.55
12-Feb-15,91.84,9.25,16.15,22.95,31.9,28.39,15.7,41.7,16.01,16.24
13-Feb-15,92.87,9.0,15.96,23.0,31.76,28.21,16.04,41.7,16.1,16.38
16-Feb-15,92.19,9.0,15.85,23.2,31.62,28.2,16.11,41.56,16.38,16.39
17-Feb-15,92.7,9.0,15.88,23.65,32.1,27.4,16.37,41.65,15.61,16.28
18-Feb-15,93.0,8.97,15.9,24.29,33.0,27.83,16.23,41.91,16.2,16.38
19-Feb-15,93.32,8.96,15.85,24.12,32.89,27.3,16.1,42.7,16.2,16.39
20-Feb-15,93.26,9.24,15.95,24.2,33.5,28.62,16.35,42.64,16.69,16.38
23-Feb-15,92.51,8.96,16.0,24.4,33.18,29.15,16.52,43.5,16.39,15.99
24-Feb-15,91.49,8.96,15.9,24.5,33.1,30.7,17.52,44.3,15.92,15.96
25-Feb-15,92.66,8.96,16.1,24.47,33.0,31.5,17.4,43.7,15.9,15.99
26-Feb-15,93.8,8.97,16.14,24.6,33.0,32.45,17.76,44.1,15.61,16.22
27-Feb-15,94.89,8.96,16.0,25.2,33.5,32.35,18.03,46.0,16.0,15.98
2-Mar-15,92.9,8.96,16.1,25.4,33.84,31.81,17.2,45.6,15.62,15.81
3-Mar-15,92.79,8.96,16.1,25.3,33.6,31.53,17.31,45.24,16.74,15.67
4-Mar-15,91.84,8.96,16.05,24.5,33.0,31.34,17.25,45.53,15.5,15.6
5-Mar-15,91.75,9.24,15.79,24.57,33.05,31.62,17.9,46.85,15.5,15.38
6-Mar-15,91.14,8.96,15.6,24.54,32.7,30.86,17.7,45.44,15.5,15.39
9-Mar-15,92.67,8.95,15.6,24.61,32.51,30.7,17.92,46.34,15.01,15.47
10-Mar-15,92.25,9.24,15.6,24.7,31.93,29.96,17.75,46.65,15.03,15.3
11-Mar-15,91.72,8.95,15.5,24.69,32.6,30.44,18.29,46.5,15.03,15.19
12-Mar-15,92.16,8.95,15.5,25.0,33.39,31.6,18.78,46.2,15.03,15.22
13-Mar-15,91.28,8.95,15.8,25.31,33.3,31.4,18.28,45.5,15.03,15.25
17-Mar-15,91.69,9.52,15.6,26.39,32.93,30.8,18.16,45.54,15.1,15.16
18-Mar-15,91.87,8.95,15.4,26.35,33.39,31.86,18.43,45.85,15.5,16.05
19-Mar-15,91.9,8.95,15.6,26.77,33.47,32.04,18.16,45.68,15.11,15.72
20-Mar-15,91.89,8.95,15.8,26.73,33.47,32.59,18.3,46.25,15.57,15.74
23-Mar-15,91.39,8.9,15.95,26.94,33.0,31.94,18.11,46.62,14.63,15.68
24-Mar-15,93.39,8.89,16.0,27.13,32.8,31.6,18.0,46.1,15.62,15.75
25-Mar-15,92.92,8.96,16.05,27.0,32.8,31.7,17.95,45.27,15.15,15.59
26-Mar-15,92.82,8.88,15.99,25.99,32.59,31.3,17.66,45.0,15.25,15.53
27-Mar-15,93.2,8.86,15.99,26.4,32.65,31.52,17.4,45.1,15.8,15.62
30-Mar-15,93.08,9.24,15.99,26.6,32.65,31.3,17.33,44.51,15.0,15.8
31-Mar-15,93.8,8.84,16.1,26.25,32.8,30.85,17.08,44.66,15.25,15.61
1-Apr-15,93.19,8.84,16.0,27.01,32.15,31.02,17.31,44.25,16.0,16.24
6-Apr-15,94.75,9.24,15.97,28.0,32.0,31.97,17.32,46.03,16.43,16.23
7-Apr-15,97.6,8.84,15.89,28.05,31.99,33.03,17.96,45.62,16.49,16.0
8-Apr-15,96.8,8.84,15.89,28.49,31.82,33.55,18.1,45.89,15.79,15.79
9-Apr-15,97.99,8.84,15.79,28.45,31.36,32.85,18.47,45.27,15.68,16.01
10-Apr-15,98.3,9.24,15.75,28.59,31.25,32.35,18.5,45.09,16.15,16.16
13-Apr-15,96.75,8.84,15.75,29.8,31.4,32.3,18.66,46.32,16.15,16.29
14-Apr-15,96.76,8.84,15.68,28.1,30.7,32.97,19.46,46.52,16.2,16.32
15-Apr-15,97.82,8.84,15.68,27.8,30.09,33.25,19.3,46.61,16.5,16.63
16-Apr-15,97.88,8.84,15.68,27.35,30.3,33.27,19.7,47.01,16.65,16.88
17-Apr-15,97.49,8.84,15.75,27.5,30.24,33.25,19.63,46.91,16.9,16.87
20-Apr-15,96.95,8.84,15.7,27.78,30.0,33.11,19.83,46.5,16.8,16.95
21-Apr-15,96.7,8.84,15.7,27.1,29.39,32.6,19.87,46.13,16.98,16.97
22-Apr-15,96.26,8.84,15.75,27.81,29.13,32.7,20.0,44.97,16.14,16.92
23-Apr-15,96.61,8.84,15.6,28.49,29.02,32.3,20.01,45.61,17.0,17.16
24-Apr-15,96.11,9.52,15.5,28.65,30.12,32.59,21.15,46.86,16.89,16.98
27-Apr-15,95.76,8.96,15.5,28.88,29.46,32.37,20.95,47.49,16.38,16.97
28-Apr-15,96.32,9.52,15.4,29.3,28.4,31.83,20.74,46.76,16.51,16.67
29-Apr-15,94.6,8.84,15.61,27.4,28.28,31.96,20.72,46.3,16.18,16.4
30-Apr-15,94.11,8.84,15.64,27.1,28.01,31.15,20.82,46.1,16.09,16.08
4-May-15,97.15,8.84,15.45,26.98,27.91,32.44,21.3,46.59,16.03,16.16
5-May-15,97.0,8.84,15.45,26.72,28.0,33.48,20.76,46.89,16.2,15.92
6-May-15,97.37,9.52,15.4,26.86,28.1,32.72,20.85,46.93,16.6,15.79
7-May-15,97.01,8.84,15.45,26.35,28.37,31.29,20.89,46.99,15.8,15.85
8-May-15,96.27,9.2,15.45,26.3,28.5,31.28,21.29,47.15,15.8,15.75
11-May-15,96.5,8.84,15.43,26.22,29.0,31.06,20.8,47.58,15.7,15.72
12-May-15,97.25,9.48,15.03,25.86,28.7,31.85,20.8,47.81,15.7,15.54
13-May-15,97.39,9.2,15.39,25.73,29.29,32.01,21.23,47.05,15.23,15.5
14-May-15,97.85,9.2,15.6,25.56,29.59,32.2,21.9,47.01,15.69,15.71
15-May-15,98.15,9.48,15.61,25.7,29.68,31.87,21.86,47.79,15.51,15.8
18-May-15,98.09,9.0,15.51,26.87,29.56,31.82,22.1,47.26,15.69,15.71
19-May-15,98.5,9.0,15.61,26.73,29.48,32.35,21.95,47.19,15.23,15.63
20-May-15,97.86,9.0,15.7,26.89,29.39,32.0,21.96,46.87,15.52,15.85
21-May-15,96.48,9.0,15.6,26.79,29.4,31.6,21.98,46.81,15.23,15.71
22-May-15,96.47,9.2,15.6,26.92,29.4,31.48,21.99,46.17,15.69,15.58
25-May-15,96.3,9.48,15.55,26.32,29.46,31.38,22.48,46.4,15.25,15.75
26-May-15,93.0,9.0,15.55,26.8,29.81,30.64,21.7,45.87,15.91,15.85
27-May-15,95.3,9.0,15.55,26.0,30.34,30.19,22.1,45.77,15.91,16.04
28-May-15,94.75,9.0,15.6,26.11,30.26,30.39,21.93,46.63,16.1,16.21
29-May-15,93.27,9.0,15.6,25.99,29.33,30.23,21.61,46.35,15.31,16.18
1-Jun-15,93.23,9.0,15.71,26.11,29.51,30.76,21.83,46.2,16.11,16.4
2-Jun-15,92.61,9.0,15.7,25.64,29.11,30.98,21.9,45.72,16.3,16.4
3-Jun-15,92.31,9.0,15.7,26.0,28.75,31.55,21.82,45.38,16.31,16.3
4-Jun-15,93.6,9.0,15.7,26.1,29.0,32.08,22.74,45.61,16.15,16.1
5-Jun-15,92.76,9.0,15.7,25.78,29.0,32.09,23.16,45.54,15.9,16.0
8-Jun-15,93.24,9.0,15.7,25.76,29.03,32.1,22.94,45.34,15.9,15.94
9-Jun-15,92.65,9.0,15.75,25.39,29.0,31.53,22.7,45.7,15.12,15.68
10-Jun-15,94.2,9.0,15.7,25.2,29.0,31.23,22.28,47.25,15.75,15.9
11-Jun-15,93.26,9.0,15.75,25.61,28.95,31.03,21.7,46.4,15.03,15.73
12-Jun-15,93.06,9.0,15.75,25.03,28.8,30.96,21.21,46.8,16.22,15.8
15-Jun-15,91.88,9.0,15.7,24.86,29.5,30.24,20.92,47.46,15.28,15.73
16-Jun-15,93.47,9.48,15.7,24.87,29.47,30.67,21.19,47.2,15.6,15.79
17-Jun-15,92.04,9.48,15.73,25.19,29.19,30.85,21.19,47.1,15.6,15.84
18-Jun-15,92.28,9.2,15.75,25.58,29.79,30.91,21.15,46.98,16.0,16.28
19-Jun-15,91.9,9.48,15.65,24.92,29.92,30.78,21.38,47.54,16.2,16.18
22-Jun-15,91.18,9.0,15.65,25.0,29.82,31.2,21.89,47.91,16.2,16.43
23-Jun-15,91.89,9.0,15.7,24.92,29.62,31.68,22.8,48.56,16.5,16.46
24-Jun-15,91.91,9.48,15.65,24.9,29.89,31.3,22.57,48.58,16.5,16.56
25-Jun-15,92.01,9.0,15.62,25.05,29.4,31.2,22.71,48.35,16.6,16.74
26-Jun-15,92.0,9.48,15.6,25.26,29.79,31.12,23.0,48.41,16.52,16.69
29-Jun-15,90.5,9.0,15.7,25.38,29.75,30.16,22.5,46.97,16.44,16.53
30-Jun-15,89.26,9.0,15.68,25.09,29.95,30.12,22.95,47.43,15.81,16.8
1-Jul-15,90.28,9.0,15.65,25.43,29.81,30.51,22.79,48.18,16.0,16.35
2-Jul-15,90.47,9.0,15.65,25.24,29.79,30.47,22.66,49.14,16.62,16.55
3-Jul-15,91.22,9.0,15.7,25.49,29.79,30.39,23.27,48.69,16.6,16.44
6-Jul-15,90.57,9.0,15.62,25.38,29.67,30.02,23.06,48.11,16.3,16.32
7-Jul-15,90.55,9.2,15.6,25.66,29.2,30.45,22.96,48.65,16.35,16.7
8-Jul-15,90.49,9.2,14.9,25.58,29.44,30.03,22.93,48.86,16.54,16.32
9-Jul-15,90.65,9.2,15.64,26.35,29.68,30.95,22.9,50.02,16.8,16.2
10-Jul-15,90.1,9.2,15.7,26.48,29.7,32.1,22.95,50.48,16.2,16.29
13-Jul-15,90.7,9.48,15.68,26.32,29.97,31.91,22.59,51.0,16.2,16.53
14-Jul-15,93.1,9.2,15.69,26.89,29.71,31.71,22.28,51.32,16.4,16.51
15-Jul-15,93.39,9.48,15.65,26.56,29.82,31.64,22.35,50.53,16.2,16.32
16-Jul-15,94.2,9.2,15.74,27.0,29.7,31.86,22.38,51.35,16.31,16.43
17-Jul-15,94.05,9.0,15.71,26.83,29.2,32.06,22.05,51.52,16.46,16.23
20-Jul-15,95.81,9.0,15.7,27.15,29.25,32.11,22.19,53.78,16.46,16.38
21-Jul-15,98.0,9.2,15.65,27.0,28.95,32.71,23.21,52.7,16.46,16.14
22-Jul-15,97.46,9.0,15.99,26.13,28.55,33.8,23.62,51.98,16.46,15.86
23-Jul-15,96.88,9.0,15.62,25.89,28.39,33.39,23.01,52.18,16.15,15.7
24-Jul-15,95.0,9.0,15.63,25.36,27.97,32.66,22.86,51.67,16.15,15.46
27-Jul-15,94.02,9.0,15.65,25.2,28.0,32.18,22.72,50.28,15.01,15.2
28-Jul-15,93.64,9.0,15.61,25.3,28.0,32.2,23.17,51.3,15.05,15.45
29-Jul-15,95.98,9.0,15.65,25.5,28.21,32.0,22.69,52.99,15.5,15.33
30-Jul-15,95.1,9.2,15.6,25.41,28.1,32.09,22.0,53.19,14.31,15.23
31-Jul-15,96.77,9.0,15.63,25.31,28.59,32.01,22.23,52.19,15.42,15.67
3-Aug-15,95.89,9.0,15.67,25.85,28.2,32.2,22.6,52.91,15.41,15.72
4-Aug-15,97.87,9.0,15.69,26.45,28.2,33.14,22.26,52.84,15.9,15.97
5-Aug-15,97.81,9.0,15.66,26.7,28.3,33.56,22.0,53.59,15.0,15.85
6-Aug-15,95.02,8.85,15.68,26.09,28.2,33.66,21.51,52.85,15.8,15.82
7-Aug-15,95.01,8.85,15.69,26.5,28.11,33.82,21.7,52.3,15.51,15.63
10-Aug-15,96.1,9.2,15.68,26.6,28.3,33.74,21.91,53.24,15.7,15.9
11-Aug-15,96.38,8.85,15.6,26.11,28.25,32.86,21.73,52.13,15.45,15.54
12-Aug-15,94.45,8.85,15.45,25.95,27.8,33.39,21.98,51.95,15.11,15.32
13-Aug-15,92.3,8.7,15.41,26.39,27.99,33.02,21.51,51.71,15.13,15.04
14-Aug-15,92.91,8.7,15.43,26.01,27.97,32.83,21.85,51.38,15.02,15.17
17-Aug-15,94.93,8.85,15.4,26.0,27.53,32.84,21.7,51.98,15.06,15.45
18-Aug-15,96.28,8.7,15.25,26.0,27.66,32.95,21.64,51.63,15.58,15.54
19-Aug-15,94.24,8.7,15.3,25.99,27.2,32.85,21.19,51.0,15.03,15.57
20-Aug-15,92.94,8.7,15.2,26.1,26.98,32.74,21.25,50.6,15.0,15.27
21-Aug-15,91.52,8.85,15.29,25.92,26.7,32.07,21.0,49.21,14.56,15.01
24-Aug-15,89.49,8.85,14.95,25.01,26.24,31.07,20.63,48.5,14.81,14.86
25-Aug-15,90.25,8.85,14.9,25.26,26.0,31.31,20.8,48.63,15.1,14.98
26-Aug-15,91.18,8.7,14.9,25.48,25.84,31.95,20.39,48.8,15.0,15.01
27-Aug-15,94.1,9.2,14.9,25.4,26.63,32.97,20.65,50.5,15.0,15.61
28-Aug-15,93.98,8.7,14.9,25.5,26.96,32.73,20.2,50.65,15.0,15.42
31-Aug-15,96.68,9.2,15.18,25.4,25.99,33.36,21.0,51.68,15.0,15.29
1-Sep-15,95.73,8.7,14.75,24.99,25.5,32.99,20.8,50.27,15.55,15.11
2-Sep-15,95.94,8.7,14.75,25.37,26.01,32.85,20.84,50.36,14.35,15.15
3-Sep-15,96.5,8.7,14.75,25.4,26.45,33.45,21.42,50.35,15.55,15.12
4-Sep-15,95.34,8.7,14.74,25.28,26.22,33.07,21.77,50.51,14.9,14.89
7-Sep-15,95.6,8.7,14.7,25.64,26.3,32.72,21.48,50.55,14.82,14.9
8-Sep-15,95.2,8.7,14.8,25.35,27.5,32.62,21.35,50.21,15.1,15.15
9-Sep-15,94.7,8.7,14.9,25.41,27.07,32.33,21.24,50.11,14.9,15.03
10-Sep-15,96.99,8.7,15.0,26.22,27.18,32.55,22.15,49.89,14.91,14.87
11-Sep-15,94.16,8.7,15.2,26.4,27.38,33.09,22.17,49.78,14.21,14.75
14-Sep-15,94.83,8.7,15.2,26.41,27.85,32.89,22.29,49.62,14.88,15.06
15-Sep-15,93.34,8.7,15.2,26.18,28.4,33.4,21.61,50.42,14.88,15.02
17-Sep-15,94.33,8.7,15.5,26.12,27.51,34.45,22.7,51.5,14.7,15.06
18-Sep-15,94.67,8.7,15.5,26.98,27.86,34.36,22.19,51.08,14.93,14.83
21-Sep-15,94.94,8.7,15.3,26.65,27.03,34.54,22.14,51.19,14.83,15.1
22-Sep-15,94.56,8.92,15.5,26.1,26.21,34.17,21.69,50.32,14.5,14.69
23-Sep-15,95.12,8.7,15.3,25.8,26.2,33.82,22.17,50.78,14.6,14.42
24-Sep-15,94.74,8.7,15.2,25.98,26.13,32.7,21.92,50.06,14.2,14.32
25-Sep-15,93.21,8.92,15.0,26.15,27.35,33.21,22.2,49.73,14.2,14.26
28-Sep-15,92.77,8.85,15.06,25.78,26.85,32.69,21.23,49.2,13.93,14.1
29-Sep-15,93.52,9.2,15.2,26.1,26.62,32.8,21.06,49.86,14.01,14.11
30-Sep-15,95.2,8.85,15.2,26.57,27.9,32.88,21.74,49.89,14.01,14.05
1-Oct-15,95.27,8.85,15.2,26.5,27.99,34.14,21.39,51.01,13.94,14.27
2-Oct-15,94.5,9.2,15.3,27.3,28.0,34.14,21.5,52.4,13.95,14.2
5-Oct-15,95.4,9.2,15.3,27.75,28.71,35.93,22.0,52.41,14.58,14.88
6-Oct-15,95.15,9.2,15.3,27.4,28.26,35.47,21.93,52.83,14.77,14.69
7-Oct-15,95.99,9.2,15.26,27.56,28.7,35.77,22.19,53.0,14.67,14.7
8-Oct-15,96.22,9.2,15.26,27.93,29.01,36.6,22.29,53.47,14.57,14.78
9-Oct-15,97.18,9.2,15.26,27.65,29.04,36.22,22.99,54.4,14.67,14.71
12-Oct-15,98.36,9.2,15.0,27.85,28.78,36.2,23.05,54.45,14.8,14.48
13-Oct-15,97.48,9.2,15.0,27.79,29.0,36.48,23.54,53.8,14.35,14.51
14-Oct-15,96.99,9.2,15.0,27.86,28.38,36.08,23.62,53.99,14.17,14.22
15-Oct-15,100.12,9.2,15.0,28.09,29.0,35.02,22.94,53.93,14.88,14.28
16-Oct-15,101.1,9.2,15.0,28.15,29.39,34.95,23.5,54.49,14.17,14.26
19-Oct-15,101.74,9.2,14.99,28.45,28.8,35.65,23.77,56.13,14.17,14.6
20-Oct-15,102.78,9.2,14.99,28.47,29.3,36.08,23.5,56.06,14.2,14.33
21-Oct-15,101.75,9.2,14.99,29.07,29.6,35.0,23.65,56.0,14.1,14.05
22-Oct-15,100.65,9.2,14.89,28.86,29.9,34.9,23.89,56.11,14.15,14.24
23-Oct-15,101.98,9.2,14.89,29.2,29.71,34.93,23.81,55.85,14.15,14.35
26-Oct-15,105.51,9.2,14.6,28.89,30.15,34.6,23.79,55.3,14.3,14.44
27-Oct-15,106.0,9.2,14.5,28.41,30.0,34.45,22.9,55.05,14.27,14.12
28-Oct-15,103.5,9.2,14.5,28.78,30.2,34.0,23.73,55.73,14.3,14.06
29-Oct-15,102.15,9.2,14.6,29.29,29.5,34.1,23.57,55.0,14.3,14.36
30-Oct-15,105.51,9.2,15.0,29.0,30.07,34.24,23.85,54.13,14.7,14.7
3-Nov-15,104.58,9.2,14.75,29.19,30.1,35.48,23.94,55.5,14.4,14.51
4-Nov-15,105.05,9.2,14.8,29.0,29.7,34.99,24.05,56.05,14.45,14.24
5-Nov-15,105.0,9.2,14.8,28.84,30.32,34.64,24.1,56.02,14.45,14.38
6-Nov-15,104.32,9.2,14.75,28.88,30.19,34.39,24.43,56.64,14.45,14.25
9-Nov-15,102.78,9.2,14.77,28.52,28.73,34.25,24.0,55.67,14.45,13.97
10-Nov-15,101.82,9.2,14.9,28.84,29.01,34.07,24.49,55.38,13.7,13.66
11-Nov-15,104.01,9.2,14.89,28.8,29.19,33.75,24.46,55.35,13.6,13.64
12-Nov-15,101.82,9.2,14.7,29.14,29.13,33.85,24.66,55.2,14.0,13.71
13-Nov-15,103.62,9.2,14.7,28.75,29.01,33.61,24.66,55.84,14.0,13.34
17-Nov-15,101.81,9.2,14.7,28.43,29.05,34.01,25.33,57.88,13.3,13.56
18-Nov-15,102.46,9.2,14.7,28.7,28.97,34.57,26.37,58.0,13.84,14.12
19-Nov-15,104.13,9.2,14.8,38.62,29.49,34.71,26.46,58.11,14.07,14.22
20-Nov-15,106.0,9.2,14.8,37.89,29.79,35.05,26.69,59.1,14.07,14.11
23-Nov-15,104.51,9.2,14.8,38.0,29.59,34.75,26.28,60.23,14.02,14.09
24-Nov-15,103.77,9.2,14.9,39.7,29.99,34.63,26.2,60.64,14.07,14.03
25-Nov-15,104.99,9.2,14.8,39.07,29.5,34.05,26.69,59.48,13.73,13.8
26-Nov-15,104.7,9.2,14.88,38.52,29.09,34.24,26.32,60.0,14.44,13.75
27-Nov-15,103.95,9.2,14.88,38.5,29.06,34.3,25.84,60.15,14.44,13.7
30-Nov-15,104.45,9.2,15.0,38.2,28.21,33.35,26.35,59.12,14.44,13.47
1-Dec-15,104.08,9.2,15.0,38.3,28.9,34.8,25.87,59.19,13.52,13.75
2-Dec-15,102.21,9.2,14.85,38.1,28.3,34.17,25.92,58.89,13.52,13.33
3-Dec-15,99.71,9.2,14.85,38.15,28.47,33.96,25.63,58.99,13.52,13.33
4-Dec-15,98.9,9.2,14.8,38.25,29.03,34.45,24.9,59.29,13.52,13.18
7-Dec-15,99.73,9.2,14.8,38.22,29.25,33.95,24.41,57.77,13.52,12.91
8-Dec-15,100.1,9.2,14.8,38.1,28.96,33.76,24.05,57.83,12.95,12.58
9-Dec-15,100.58,9.2,14.8,38.46,28.99,33.66,23.77,57.0,12.7,12.76
10-Dec-15,100.59,9.2,14.75,38.12,29.1,34.5,24.53,55.31,12.67,12.7
11-Dec-15,99.08,9.2,14.8,38.34,28.31,34.1,24.11,55.45,12.55,12.58
14-Dec-15,101.0,9.2,14.8,38.6,28.28,33.82,23.65,55.34,12.56,12.64
15-Dec-15,101.88,9.2,14.79,39.21,28.93,34.99,23.96,57.75,12.7,12.9
16-Dec-15,104.54,9.2,14.8,40.17,28.31,34.92,24.03,60.0,13.04,13.25
17-Dec-15,103.09,9.2,14.8,39.23,28.15,35.09,25.0,60.63,13.01,13.08
18-Dec-15,104.12,9.2,14.8,38.16,28.83,34.12,24.78,58.41,12.8,12.69
21-Dec-15,103.29,9.2,14.8,38.27,28.7,33.91,24.2,58.14,12.76,12.7
22-Dec-15,103.32,9.19,14.6,38.8,29.98,34.24,24.22,58.47,12.55,12.46
23-Dec-15,103.63,9.19,14.8,38.8,29.12,34.69,24.07,58.59,12.93,12.55
24-Dec-15,103.32,9.19,14.8,38.6,29.75,34.5,24.15,58.12,12.93,12.42
28-Dec-15,103.37,9.19,15.3,38.88,28.6,34.67,24.09,59.13,12.93,12.26
29-Dec-15,104.16,9.19,15.0,39.06,28.6,34.6,24.54,59.12,12.93,12.55
30-Dec-15,104.12,9.19,14.99,39.1,29.0,34.1,24.35,59.1,12.93,12.48
31-Dec-15,104.69,9.19,14.99,39.71,29.67,34.13,24.1,59.99,12.93,12.1
4-Jan-16,102.06,9.19,15.0,39.47,28.99,33.67,23.85,58.83,12.93,11.98
5-Jan-16,101.45,9.19,14.8,39.29,28.44,33.94,23.46,59.36,12.93,11.94
6-Jan-16,102.27,9.19,14.65,39.36,28.6,33.7,22.36,59.15,12.2,11.73
7-Jan-16,101.28,9.19,14.5,39.22,28.01,31.4,22.25,56.72,11.48,11.3
8-Jan-16,100.86,9.19,15.3,39.15,28.75,31.05,22.8,56.67,11.48,10.9
11-Jan-16,102.03,9.1,15.3,39.21,28.47,31.25,22.35,57.95,11.48,11.16
12-Jan-16,103.31,9.1,14.69,38.1,28.02,31.38,21.75,59.05,11.43,11.27
13-Jan-16,102.07,9.1,14.8,38.31,28.12,30.9,22.28,59.17,11.43,11.47
14-Jan-16,103.33,9.1,14.6,38.66,28.0,30.55,22.28,59.75,11.45,11.72
15-Jan-16,102.11,9.1,14.5,38.25,28.81,30.51,22.38,59.45,11.45,11.37
18-Jan-16,101.56,9.1,14.3,38.88,28.51,30.24,22.31,59.85,11.45,11.28
19-Jan-16,102.0,9.1,14.2,38.5,28.86,30.95,22.77,59.85,11.28,11.33
20-Jan-16,103.35,9.1,14.2,38.23,28.2,31.27,22.17,58.84,11.28,11.36
21-Jan-16,104.09,9.1,14.14,38.54,28.2,30.64,22.61,61.13,11.45,11.6
22-Jan-16,104.03,9.1,14.12,38.45,28.5,31.23,23.27,62.2,11.8,12.0
25-Jan-16,104.35,9.1,14.07,38.37,28.5,31.34,22.97,62.83,11.8,11.75
26-Jan-16,105.0,9.1,14.0,38.7,28.32,31.61,22.89,62.86,11.89,12.08
27-Jan-16,108.35,9.1,13.7,38.9,28.31,31.58,22.65,61.44,11.4,12.34
28-Jan-16,109.93,9.1,13.7,38.92,28.21,32.26,23.06,62.69,11.4,12.42
29-Jan-16,108.96,9.1,14.2,39.7,28.5,33.79,23.4,64.44,11.4,12.82
2-Feb-16,108.7,8.9,14.2,38.7,28.32,32.13,23.02,63.23,11.4,12.7
3-Feb-16,108.53,8.9,14.0,39.73,28.67,32.18,23.93,63.0,12.5,12.88
4-Feb-16,108.35,8.9,14.0,40.43,29.34,32.38,24.19,61.96,12.89,13.21
5-Feb-16,106.06,8.9,14.0,40.27,29.33,31.54,24.0,63.64,12.89,13.03
8-Feb-16,106.42,8.9,13.99,39.97,29.01,31.48,23.65,63.92,12.8,12.87
9-Feb-16,107.12,8.9,13.99,39.12,29.3,32.4,24.32,64.57,12.8,12.55
10-Feb-16,108.13,8.9,13.98,39.06,29.9,32.5,24.2,65.24,12.2,11.85
11-Feb-16,106.81,8.9,13.98,38.99,28.99,32.08,24.1,65.01,11.61,11.79
12-Feb-16,107.13,8.9,13.97,39.96,29.5,31.7,24.47,62.79,11.61,12.05
15-Feb-16,108.0,8.9,13.97,40.1,29.47,32.23,24.32,63.88,12.2,12.43
16-Feb-16,107.1,8.9,13.97,40.11,29.92,32.35,24.3,63.1,11.83,12.32
17-Feb-16,107.0,8.9,13.97,40.0,29.37,33.39,24.49,64.19,11.83,12.42
18-Feb-16,107.9,8.9,13.5,39.99,29.35,33.0,25.25,63.89,11.83,12.24
19-Feb-16,108.53,8.9,13.5,39.6,29.35,32.37,25.6,63.0,11.83,11.9
22-Feb-16,108.87,8.9,13.49,40.1,29.01,32.57,25.45,64.83,12.0,12.08
23-Feb-16,107.47,8.9,13.48,40.41,29.01,32.53,25.18,65.3,12.01,11.94
24-Feb-16,108.43,8.9,13.15,40.27,28.11,32.37,26.22,65.3,12.01,11.97
25-Feb-16,110.17,9.1,13.45,39.74,28.53,33.1,26.16,65.01,12.12,12.18
26-Feb-16,111.8,9.2,13.45,38.94,29.65,32.74,26.5,65.66,12.12,12.23
29-Feb-16,110.61,9.2,13.15,38.7,28.61,32.8,27.16,68.28,12.18,12.34
1-Mar-16,112.81,9.2,12.88,39.01,29.43,32.71,26.53,68.18,12.18,12.59
2-Mar-16,114.4,9.2,12.82,39.44,29.55,32.93,26.25,67.0,12.18,12.91
3-Mar-16,112.8,9.2,13.17,39.78,29.8,32.64,26.25,66.41,12.92,13.0
4-Mar-16,112.25,9.2,13.15,40.0,30.5,32.4,26.76,68.05,13.18,13.12
7-Mar-16,111.49,9.2,12.95,39.64,29.51,32.76,27.12,66.14,13.18,13.3
8-Mar-16,114.45,9.2,12.63,39.12,29.68,32.44,26.2,64.5,13.18,13.31
9-Mar-16,113.39,9.2,12.87,39.17,30.65,32.29,26.41,64.4,13.02,12.96
10-Mar-16,111.35,9.2,12.91,39.36,31.17,32.35,26.51,63.5,12.95,13.07
11-Mar-16,111.74,9.2,13.0,40.26,32.38,32.52,26.39,63.72,12.98,13.43
14-Mar-16,113.91,9.2,12.8,41.39,33.49,32.53,26.93,63.57,13.24,13.27
15-Mar-16,112.4,9.2,12.9,40.99,32.81,32.57,26.79,64.6,13.05,12.91
16-Mar-16,112.5,9.21,12.9,41.0,33.0,33.58,26.56,65.1,13.05,13.13
17-Mar-16,114.99,9.21,13.13,41.0,33.4,33.99,26.5,66.1,13.05,13.23
18-Mar-16,117.99,9.21,12.99,41.61,32.0,34.06,26.9,66.59,13.05,13.07
22-Mar-16,120.29,9.21,12.99,41.6,31.1,33.88,26.54,64.94,13.05,13.15
23-Mar-16,119.58,9.2,12.99,41.64,32.0,34.55,26.65,65.6,13.27,13.38
28-Mar-16,117.81,9.2,13.16,41.59,32.05,34.7,26.79,65.49,13.49,13.49
29-Mar-16,118.88,9.2,13.0,41.69,32.45,34.68,27.23,66.55,13.2,13.41
30-Mar-16,119.89,9.2,13.4,41.63,32.75,34.83,27.25,66.59,13.5,13.4
31-Mar-16,119.93,9.2,13.8,41.89,33.46,34.77,27.25,64.85,13.5,13.44
1-Apr-16,119.93,9.2,13.99,41.03,32.88,33.69,27.25,65.41,13.41,13.63
4-Apr-16,118.0,9.3,13.87,41.3,32.5,32.96,27.22,65.24,13.63,13.69
5-Apr-16,117.0,9.3,13.75,41.16,32.4,32.54,27.52,65.57,13.51,13.51
6-Apr-16,117.72,9.3,13.75,41.02,33.03,31.75,27.54,66.49,13.46,13.44
7-Apr-16,117.4,9.2,13.89,41.25,33.0,32.1,27.06,66.2,13.46,13.36
8-Apr-16,117.0,9.2,13.98,41.39,33.04,32.49,27.44,65.75,13.51,13.46
11-Apr-16,116.0,9.2,14.0,41.35,33.41,31.97,27.4,67.0,13.58,13.3
12-Apr-16,116.8,9.2,14.05,41.19,34.0,32.1,28.3,66.1,13.4,13.6
13-Apr-16,117.25,9.2,14.0,41.0,34.24,32.04,28.66,67.03,13.4,13.72
14-Apr-16,116.53,9.2,14.0,40.7,35.7,32.43,29.0,67.59,13.64,13.68
15-Apr-16,117.01,9.2,14.0,40.25,34.5,32.39,28.2,67.1,13.64,13.52
18-Apr-16,112.97,9.2,14.0,40.77,34.01,32.37,27.68,67.56,13.19,13.12
19-Apr-16,117.4,9.2,14.0,41.19,34.79,32.97,28.25,68.01,13.5,13.6
20-Apr-16,117.98,9.2,14.0,40.42,34.7,32.99,28.0,67.55,13.5,13.53
21-Apr-16,117.5,9.2,14.0,40.01,33.5,31.93,28.66,67.64,13.91,13.64
22-Apr-16,117.86,9.2,14.04,40.36,34.92,31.99,28.9,67.1,13.72,13.59
25-Apr-16,118.17,9.2,14.0,39.93,34.77,32.04,28.76,66.92,13.5,13.7
26-Apr-16,115.96,9.2,14.0,40.0,34.7,32.48,29.06,67.18,13.5,13.57
27-Apr-16,118.95,9.2,14.0,39.71,35.12,32.81,29.49,67.0,13.5,13.63
28-Apr-16,118.36,9.2,14.4,39.57,34.76,32.71,29.15,67.14,12.8,12.11
29-Apr-16,118.68,9.2,14.28,39.25,35.0,32.36,28.83,65.95,12.33,12.18
2-May-16,119.99,9.2,14.39,39.46,34.69,32.96,28.88,66.25,12.33,11.93
3-May-16,121.27,9.2,14.4,39.01,33.57,32.35,28.5,67.34,12.33,12.13
4-May-16,123.95,9.2,14.4,38.9,33.0,32.11,28.75,67.11,12.33,11.75
5-May-16,120.96,9.2,14.4,38.9,33.15,32.2,28.61,68.01,12.33,11.58
6-May-16,120.38,9.2,14.4,39.37,32.26,32.12,28.39,69.0,12.0,11.5
9-May-16,120.27,9.2,14.3,39.94,33.0,32.16,28.79,70.87,12.0,11.62
10-May-16,121.35,9.2,14.3,39.48,33.0,32.07,28.85,70.88,12.0,11.82
11-May-16,120.18,9.2,14.25,39.2,33.02,32.25,28.5,69.9,12.0,11.57
12-May-16,119.47,9.2,14.1,39.87,33.61,32.68,28.4,70.66,11.45,11.7
13-May-16,120.98,9.2,14.1,39.35,33.0,32.32,28.2,70.25,11.8,11.65
16-May-16,123.91,9.2,14.1,39.4,33.18,32.43,28.25,70.24,11.8,11.73
17-May-16,123.73,9.2,14.1,38.94,33.15,32.26,28.31,70.81,11.7,11.77
18-May-16,123.54,9.21,14.1,38.65,33.4,32.98,28.09,70.45,12.05,11.7
19-May-16,120.96,9.21,14.0,38.39,33.01,32.28,27.8,70.75,11.46,11.52
20-May-16,121.51,9.19,14.0,38.14,33.08,33.3,27.21,71.17,11.46,11.48
23-May-16,121.98,9.19,14.05,38.35,33.03,33.38,27.44,71.3,11.47,11.52
24-May-16,122.75,9.19,14.04,38.75,33.63,32.72,27.75,70.68,11.5,11.59
25-May-16,124.04,9.19,14.0,38.56,33.31,32.89,27.88,70.27,11.5,11.43
26-May-16,126.6,9.19,13.74,38.22,33.62,33.19,27.73,71.0,11.5,11.55
27-May-16,126.87,9.19,13.74,38.4,33.25,32.9,27.71,70.5,11.5,11.52
30-May-16,124.55,9.19,14.0,38.59,33.26,32.78,27.53,70.69,11.5,11.53
31-May-16,122.25,9.19,13.99,38.15,33.23,32.53,27.65,69.94,11.5,11.33
1-Jun-16,121.98,9.19,13.7,38.12,33.01,32.59,27.79,69.79,11.23,11.27
2-Jun-16,121.2,9.19,13.8,38.23,33.0,32.49,27.4,70.5,11.23,11.28
3-Jun-16,122.71,9.19,13.7,38.43,32.8,32.56,27.15,70.48,11.57,11.34
6-Jun-16,123.81,9.19,13.7,38.47,33.0,32.36,27.1,70.55,11.92,11.3
7-Jun-16,123.9,9.19,13.7,38.2,33.26,32.35,27.4,71.07,11.57,11.49
8-Jun-16,123.88,9.19,13.7,38.48,34.18,32.2,27.49,72.75,11.57,11.77
